{"metric_a": 0.9560342718892494, "metric_b": 0.9478274870593494}