{"metric_a": 0.13436424411240122, "metric_b": 0.8474337369372327}